{
    "mustard_bottle": {
        "AppDir": [
            -0.6524575352668762,
            -0.22209495306015015,
            -0.724550187587738
        ],
        "CNT_PNT": [
            [
                0.02846541441977024,
                -0.023936133831739426,
                0.0457342192530632
            ],
            [
                -0.013092233799397945,
                -0.045682188123464584,
                -0.0030342182144522667
            ]
        ],
        "estimatedPose": [
            -0.039598306453156776,
            -0.6691886531665776,
            -0.7420367380387201,
            0.42864641021985667,
            0.9889253659181133,
            -0.13254925878747614,
            0.06676312334377779,
            0.35072198811490213,
            -0.14303354421172562,
            -0.7311752460716877,
            0.6670263598706123,
            0.7297097875622374,
            0.0,
            0.0,
            0.0,
            1.0
        ]
    },
    "pear": {
        "AppDir": [
            0.2740115523338318,
            -0.818983793258667,
            -0.5041660070419312
        ],
        "CNT_PNT": [
            [
                -0.035395778715610504,
                0.042834989726543427,
                0.03951980173587799
            ],
            [
                -0.022328991442918777,
                -0.023116998374462128,
                0.016913002356886864
            ]
        ],
        "estimatedPose": [
            -0.5922680895491749,
            -0.695394767414512,
            0.4069946284096229,
            -0.09478556147592593,
            0.7522752731665434,
            -0.2963041896780958,
            0.588460483432328,
            -0.0015475351216679202,
            -0.28861812743480425,
            0.6546983615618139,
            0.6986198049613992,
            0.8025911034220153,
            0.0,
            0.0,
            0.0,
            1.0
        ]
    },
    "power_drill": {
        "AppDir": [
            -0.06160363927483559,
            -0.5424171686172485,
            -0.8378476500511169
        ],
        "CNT_PNT": [
            [
                0.012890007346868515,
                0.08876800537109375,
                0.041186001151800156
            ],
            [
                -0.0024169920943677425,
                0.06663200259208679,
                -0.0007980327354744077
            ]
        ],
        "estimatedPose": [
            -0.9921431964046389,
            0.05956251614534689,
            0.11001901880321448,
            -0.07896798671685053,
            0.008371424402775045,
            0.9090319572344598,
            -0.41664231659776946,
            0.06002784329907581,
            -0.12482706870489028,
            -0.41244782384796574,
            -0.9023884947857114,
            0.82858842447743,
            0.0,
            0.0,
            0.0,
            1.0
        ]
    }
}
