{
    "apple": {
        "AppDir": [
            -0.9817485809326172,
            0.178152933716774,
            0.06656892597675323
        ],
        "Mean_gripper": [
            0.0010419990867376328,
            -0.002308513503521681,
            0.041269006207585335
        ],
        "estimatedPose": [
            -0.7827719809055947,
            0.35771386705758745,
            -0.5092237378832989,
            0.157412005767742,
            0.18779415710490938,
            0.9159157324362297,
            0.3547276781321968,
            -0.11949857078351786,
            0.5932970423543247,
            0.18204164465997644,
            -0.7841297463705239,
            0.7807822205917377,
            0.0,
            0.0,
            0.0,
            1.0
        ]
    },
    "power_drill": {
        "AppDir": [
            -0.06160363927483559,
            -0.5424171686172485,
            -0.8378476500511169
        ],
        "Mean_gripper": [
            0.005236507626250386,
            0.07770000398159027,
            0.020193984208162874
        ],
        "estimatedPose": [
            -0.8796129935317999,
            -0.061735947106557075,
            0.4716668892819191,
            0.11855334980392283,
            0.001843676229418896,
            -0.991977571471883,
            -0.12640054807913734,
            -0.04125128563128898,
            0.47568643292402896,
            -0.11031396344797703,
            0.8726701822569688,
            0.7347029122923503,
            0.0,
            0.0,
            0.0,
            1.0
        ]
    }
}
