{
    "apple": {
        "AppDir": [
            25.22027015686035,
            19.187620162963867,
            10.448622703552246
        ],
        "Mean_gripper": [
            -0.01333480191230774,
            -0.0060584678649902345,
            0.040804380416870116
        ],
        "estimatedPose": [
            -0.9645054340362549,
            0.07621187716722488,
            -0.252826064825058,
            0.11437775421142578,
            0.24936620891094208,
            0.577837347984314,
            -0.777123212814331,
            0.04816100311279297,
            0.0868663340806961,
            -0.8125858306884766,
            -0.5763319730758667,
            0.5832128295898438,
            0.0,
            0.0,
            0.0,
            1.0
        ]
    }
}
